{
  "test_loss": 0.703878902515788,
  "test_accuracy": 0.7639,
  "per_class_accuracy": {
    "airplane": 0.824999988079071,
    "automobile": 0.8510000109672546,
    "bird": 0.6140000224113464,
    "cat": 0.621999979019165,
    "deer": 0.7329999804496765,
    "dog": 0.6010000109672546,
    "frog": 0.8619999885559082,
    "horse": 0.800000011920929,
    "ship": 0.8579999804496765,
    "truck": 0.8730000257492065
  },
  "num_parameters": 341214
}