{
  "test_loss": 0.4148710007500497,
  "test_accuracy": 0.8587,
  "per_class_accuracy": {
    "airplane": 0.8700000047683716,
    "automobile": 0.9409999847412109,
    "bird": 0.7319999933242798,
    "cat": 0.753000020980835,
    "deer": 0.8539999723434448,
    "dog": 0.7649999856948853,
    "frog": 0.9150000214576721,
    "horse": 0.9160000085830688,
    "ship": 0.9269999861717224,
    "truck": 0.9139999747276306
  },
  "num_parameters": 5420490
}