{
  "test_loss": 1.3002528126832027,
  "test_accuracy": 0.5413,
  "per_class_accuracy": {
    "airplane": 0.531000018119812,
    "automobile": 0.6470000147819519,
    "bird": 0.3709999918937683,
    "cat": 0.42899999022483826,
    "deer": 0.4009999930858612,
    "dog": 0.41200000047683716,
    "frog": 0.6259999871253967,
    "horse": 0.6359999775886536,
    "ship": 0.7229999899864197,
    "truck": 0.6370000243186951
  },
  "num_parameters": 83104
}